Price,Availability,Stock levels,Lead times,Order quantities,Number of products sold
33.78413803306551,1,93,7,52,24
59.84156137728931,81,10,5,44,896
30.34147071121421,93,96,25,54,242
99.11329161531717,35,64,19,38,556
7.547172109791272,74,2,5,78,280
37.93181238279032,29,0,8,58,163
61.163343016437736,68,23,13,59,83
47.71423307582023,44,90,25,10,276
51.12387008796474,100,48,11,94,187
87.75543235400107,16,12,9,71,513
